,Rule,SAA,Barbell_LongShort,Barbell_Diversified,Capital_Preservation,Gov_Long_Only
Cash/Short,0.1404042148953981,0.09615384615384616,0.5,0.4000000000000001,0.15789473684210525,0.0
FX/Currency,0.023046999813724812,0.019230769230769232,0.0,0.0,0.0,0.0
Gold,0.035034469974569576,0.019230769230769232,0.0,0.0,0.0,0.0
Government_Long,0.289182115950187,0.28846153846153844,0.5,0.4000000000000001,0.3684210526315789,1.0
HighYield,0.1368758364821092,0.09615384615384616,0.0,0.0,0.0,0.0
InvestmentGrade,0.3754563628840113,0.28846153846153844,0.0,0.20000000000000004,0.4736842105263157,0.0
TIPS_Long,0.0,0.09615384615384616,0.0,0.0,0.0,0.0
TIPS_Short,0.0,0.09615384615384616,0.0,0.0,0.0,0.0
