,Rule,SAA,Barbell_LongShort,Barbell_Diversified,Capital_Preservation,Gov_Long_Only
Cash/Short,0.11880795133323388,0.09615384615384616,0.5,0.4000000000000001,0.15789473684210525,0.0
FX/Currency,0.028227523331882855,0.019230769230769235,0.0,0.0,0.0,0.0
Gold,0.03389337881476419,0.019230769230769235,0.0,0.0,0.0,0.0
Government_Long,0.21411394609984835,0.28846153846153844,0.5,0.4000000000000001,0.3684210526315789,1.0
HighYield,0.21362505737435145,0.09615384615384616,0.0,0.0,0.0,0.0
InvestmentGrade,0.375964721978582,0.28846153846153844,0.0,0.20000000000000004,0.4736842105263157,0.0
TIPS_Long,0.006146968426934897,0.09615384615384616,0.0,0.0,0.0,0.0
TIPS_Short,0.009220452640402346,0.09615384615384616,0.0,0.0,0.0,0.0
