,Rule,SAA,Barbell_LongShort,Barbell_Diversified,Capital_Preservation,Gov_Long_Only
Cash/Short,0.28057391115829333,0.09615384615384615,0.5,0.4000000000000001,0.15789473684210528,0.0
FX/Currency,0.04133100175379537,0.01923076923076923,0.0,0.0,0.0,0.0
Gold,0.060884136920861254,0.01923076923076923,0.0,0.0,0.0,0.0
Government_Long,0.2445511977654131,0.2884615384615384,0.5,0.4000000000000001,0.3684210526315789,1.0
HighYield,0.06430704565058028,0.09615384615384615,0.0,0.0,0.0,0.0
InvestmentGrade,0.2161481803470332,0.2884615384615384,0.0,0.20000000000000004,0.4736842105263159,0.0
TIPS_Long,0.036881810561609385,0.09615384615384615,0.0,0.0,0.0,0.0
TIPS_Short,0.05532271584241408,0.09615384615384615,0.0,0.0,0.0,0.0
