,Rule,SAA,Barbell_LongShort,Barbell_Diversified,Capital_Preservation,Gov_Long_Only
Cash/Short,0.0661006670709521,0.09615384615384615,0.5,0.4000000000000001,0.15789473684210528,0.0
FX/Currency,0.024257125530624615,0.01923076923076923,0.0,0.0,0.0,0.0
Gold,0.024257125530624615,0.01923076923076923,0.0,0.0,0.0,0.0
Government_Long,0.1613098847786538,0.2884615384615384,0.5,0.4000000000000001,0.3684210526315789,1.0
HighYield,0.30806549423893265,0.09615384615384615,0.0,0.0,0.0,0.0
InvestmentGrade,0.41600970285021227,0.2884615384615384,0.0,0.20000000000000004,0.4736842105263159,0.0
TIPS_Long,0.0,0.09615384615384615,0.0,0.0,0.0,0.0
TIPS_Short,0.0,0.09615384615384615,0.0,0.0,0.0,0.0
