,Rule,SAA,Barbell_LongShort,Barbell_Diversified,Capital_Preservation,Gov_Long_Only
Cash/Short,0.3979018123202676,0.09615384615384616,0.5,0.4000000000000001,0.15789473684210525,0.0
FX/Currency,0.04911487231843245,0.019230769230769235,0.0,0.0,0.0,0.0
Gold,0.08536096748830685,0.019230769230769235,0.0,0.0,0.0,0.0
Government_Long,0.24536447619080087,0.28846153846153844,0.5,0.4000000000000001,0.3684210526315789,1.0
HighYield,0.00423521967305132,0.09615384615384616,0.0,0.0,0.0,0.0
InvestmentGrade,0.14339562891614602,0.28846153846153844,0.0,0.20000000000000004,0.4736842105263157,0.0
TIPS_Long,0.07155353887952737,0.09615384615384616,0.0,0.0,0.0,0.0
TIPS_Short,0.0030734842134674486,0.09615384615384616,0.0,0.0,0.0,0.0
