Regime,Check,Safe_mean,Risky_mean,Credit_mean,Gov_mean
Crisis,Safe_vs_Risky,2.4858256472734777,-0.08060800378371552,,
Risk-Off,Safe_vs_Risky,1.3084264644714205,1.8591591825415539,,
Neutral,Safe_vs_Risky,0.839785593683175,0.9957783513400562,,
Risk-On,Safe_vs_Risky,1.641720150921162,2.002859291031787,,
Risk-On,Credit_vs_Gov,,,1.6058350703498323,1.641720150921162
